7,Roland
9,Brad
5,Josh
7,Jim
6,Jaxon
5,Aaron
7,Kevin
9,Vance
10,Zayden
5,Dante
9,Dave
6,Kane
8,Nathan
11,Sawyer
7,Peter
6,Paul
11,Sofia
9,Chad
8,Tanner
8,Jerry
8,Miles
6,Brian
8,Bob
7,Kaden
5,Luna
6,Kyle
11,Henry
5,Tessa
7,Zane
6,Randy
5,Jeremy
9,Bill
8,Milo
11,Jett
11,Usher
6,Jack
7,Daniel
11,Finn
5,Tobias
11,Weston
8,Hazel
6,Isla
8,Rick
8,Zara
11,Claire
7,Walter
9,Maverick
6,Yannick
11,Nico
7,Charlotte
11,Willow
7,Lila
11,Jake
11,Leon
10,Owen
7,Dustin
7,Victor
6,Xander
8,Zach
9,Kate
6,Matt
11,Evan
10,Gavin
6,Grace
5,Hugh
5,Mia
7,Sullivan
9,Cole
6,Blake
9,Grayson
8,Opal
7,Piper
9,Liam
5,Ella
11,Avery
6,Gia
9,Ira
7,Quincy
8,Orion
9,Ben
10,Scott
7,Yusuf
7,Will
7,Noah
10,Scarlett
11,Quinn
10,Tyler
8,Harrison
6,Francis
11,Gage
7,Ivy
7,Pete
8,Phoenix
9,Violet
7,Riley
8,Zinnia
10,Brooklyn
5,Ximena
9,Nora
10,Abel
9,Ruby
6,Faith
11,Wesley
11,Elias
7,Zeke
5,Charles
8,Andy
5,Graham
6,Mason
11,Olivia
9,Ray
5,Ethan
7,Caleb
8,John
11,Adam
5,Frank
7,Freya
6,Paige
9,Sam
6,Vaughn
6,Amelia
5,Hannah
11,Victoria
5,Quentin
10,Oscar
6,Ryder
5,Carter
10,Odin
11,Steve
9,Tom
9,George
9,Tim
9,Bella
7,Mark
7,Derek
6,Julia
6,Aiden
6,Wyatt
11,Emily
10,Jasmine
10,Levi
6,Tristan
6,Shawn
11,Dan
5,Rob
9,Alex
7,Silas
5,Kylie
7,Nash
9,Justin
8,Uriah
11,Chris
9,Yara
9,Alfred
10,Mike
10,Andrew
9,Daisy
7,Zachary
5,Yosef
11,Isaiah
7,Willa
11,Trevor
7,Parker
11,Eli
9,Nolan
7,Luca
7,Uma
7,Maya
11,Yanis
6,Delilah
7,Barney
11,Dylan
5,Freddie
8,Ian
8,Tilly
10,Xavier
7,Naomi
10,Hudson
6,Rosie