Harrison,45323
Jerry,60419
Jeremy,47600
Gia,53468
Carter,86160
Ruby,93835
John,30101
Hannah,50344
Victor,84290
Sullivan,76711
Henry,56382
Barney,86210
Yanis,53471
Tessa,40630
Avery,85037
Isaiah,28639
Parker,44682
Tom,65020
Scarlett,43623
Will,46197
Ivy,36925
Justin,47400
Caleb,28402
Steve,77252
Victoria,57109
Delilah,93949
Brian,83113
Rosie,25205
Luna,80556
Tanner,95946
Cole,55934
Randy,95565
George,54063
Zara,40436
Andy,77677
Elias,29337
Daisy,76711
Odin,96975
Zayden,95989
Tobias,25205
Luca,98956
Willa,82264
Freya,55685
Charlotte,78344
Naomi,95717
Chad,56521
Liam,31430
Adam,30899
Roland,83653
Tyler,84894
Eli,69278
Phoenix,37820
Ian,49250
Paul,81860
Shawn,59402
Grace,86319
Josh,60140
Zach,74722
Sawyer,59316
Walter,36157
Zane,26808
Ira,55260
Tilly,32149
Andrew,76999
Uma,68700
Uriah,86248
Tim,84904
Mason,89776
Yara,77998
Ethan,76579
Yannick,45875
Mike,44094
Riley,84166
Trevor,42359
Nash,38685
Alfred,93177
Faith,66807
Wyatt,31164
Xavier,33782
Ella,48817
Noah,25375
Dan,61326
Nora,93132
Evan,43069
Frank,72570
Kevin,90420
Chris,66051
Miles,44444
Xander,76549
Jasmine,52036
Ben,72727
Paige,81647
Ray,39163
Bill,51775
Nico,73944
Oscar,84544
Aaron,38182
Maya,29524
Zachary,75360
Yosef,75167
Rick,48644
Amelia,25046
Jack,68636
Blake,70200
Quentin,25382
Quincy,71122
Gage,93884
Weston,57736
Kaden,80364
Jett,95962
Owen,60845
Nathan,85733
Daniel,96880
Jim,92116
Hudson,31625
Kylie,35255
Julia,25413
Dustin,98803
Ximena,49612
Grayson,36305
Mark,83955
Willow,86070
Olivia,27185
Brooklyn,59916
Aiden,25281
Orion,79595
Jake,54117
Milo,83210
Matt,91040
Graham,27215
Leon,94216
Zeke,62277
Zinnia,38802
Wesley,35434
Violet,96795
Peter,58378
Yusuf,62362
Kate,41317
Piper,78504
Nolan,99367
Gavin,34774
Abel,58254
Charles,83254
Derek,81831
Usher,98730
Dylan,33219
Francis,70869
Sofia,93870
Bella,88917
Claire,83107
Vaughn,56677
Rob,81822
Hugh,52409
Vance,81998
Silas,58175
Bob,99701
Opal,36385
Jaxon,85523
Isla,92113
Freddie,99227
Maverick,74247
Tristan,64506
Mia,97159
Ryder,57147
Kane,27150
Dante,58355
Finn,96828
Levi,94820
Scott,25392
Lila,31072
Quinn,72312
Emily,30967
Brad,27294
Alex,84775
Kyle,30488
Pete,31804
Dave,79050
Sam,88896
Hazel,33264